{
  "name": "zipzap",
  "version": "8.1.1",
  "authors": {
    "Pixelglow Software": "glen.low@pixelglow.com"
  },
  "license": "BSD",
  "homepage": "https://github.com/pixelglow/ZipZap",
  "source": {
    "git": "https://github.com/pixelglow/ZipZap.git",
    "tag": "8.1.1"
  },
  "summary": "ZipZap is a zip file I/O library for Mac OS X and iOS.",
  "description": "The zip file is an ideal container for compound Objective-C documents. Zip files are widely used and well understood. You can randomly access their parts. The format compresses decently and has extensive operating system and tool support. So we want to make this format an even easier choice for you. Thus, the library features:\n\n- Easy-to-use interface: The public API offers just three classes! Yet you can look through zip files using familiar NSArray collections and properties. And you can zip, unzip and rezip zip files through familiar NSData, NSStream and Image I/O classes.\n- Efficient implementation: We've optimized zip file reading and writing to reduce virtual memory pressure and disk file thrashing. Depending on how your compound document is organized, updating a single entry can be faster than writing the same data to a separate file.\n- File format compatibility: Since ZipZap closely follows the zip file format specification, it is works with most Mac, Linux and Windows zip tools.\n",
  "documentation_url": "http://pixelglow.github.io/ZipZap/api/",
  "platforms": {
    "ios": "7.0",
    "osx": "10.9"
  },
  "requires_arc": true,
  "frameworks": [
    "Foundation"
  ],
  "libraries": [
    "z"
  ],
  "pod_target_xcconfig": {
    "CLANG_CXX_LANGUAGE_STANDARD": "c++11",
    "CLANG_CXX_LIBRARY": "libc++",
    "GCC_ENABLE_OBJC_EXCEPTIONS": "NO",
    "OTHER_CPLUSPLUSFLAGS": "-fno-exceptions"
  },
  "source_files": "ZipZap/*.{h,cpp,m,mm}",
  "public_header_files": ["ZipZap/ZipZap.h", "ZipZap/ZZArchive.h", "ZipZap/ZZArchiveEntry.h", "ZipZap/ZZConstants.h", "ZipZap/ZZError.h"],
  "ios": {
    "frameworks": [
      "ImageIO"
    ]
  },
  "osx": {
    "frameworks": [
      "ApplicationServices"
    ]
  }
}
